id,image_url,image_thumb_url
1,https://imgur.com/a/zzQzLzI,https://imgur.com/a/zzQzLzI
2,https://imgur.com/a/oSYa3sC,https://imgur.com/a/oSYa3sC
3,https://imgur.com/a/oBB00Ut,https://imgur.com/a/oBB00Ut
4,https://imgur.com/a/tscfMXP,https://imgur.com/a/tscfMXP
5,https://imgur.com/a/IoW6ZkU,https://imgur.com/a/IoW6ZkU
6,https://imgur.com/a/OO5rFHY,https://imgur.com/a/OO5rFHY
7,https://imgur.com/a/gzcu9Kl,https://imgur.com/a/gzcu9Kl
8,https://imgur.com/a/BcSMdoD,https://imgur.com/a/BcSMdoD
9,https://imgur.com/a/EdVJgU7,https://imgur.com/a/EdVJgU7
10,https://imgur.com/a/uoVSwWF,https://imgur.com/a/uoVSwWF
11,https://imgur.com/a/9X4aw32,https://imgur.com/a/9X4aw32
12,https://imgur.com/a/EzJvkQ0,https://imgur.com/a/EzJvkQ0
13,https://imgur.com/a/xZPVGNS,https://imgur.com/a/xZPVGNS
14,https://imgur.com/a/3mvkWbF,https://imgur.com/a/3mvkWbF
15,https://imgur.com/a/ZqlhOiU,https://imgur.com/a/ZqlhOiU
16,https://imgur.com/a/YLIM9Mz,https://imgur.com/a/YLIM9Mz
17,https://imgur.com/a/hC2pnCM,https://imgur.com/a/hC2pnCM
18,https://imgur.com/a/Rdfn5Hg,https://imgur.com/a/Rdfn5Hg
19,https://imgur.com/a/IBtvB5Q,https://imgur.com/a/IBtvB5Q
20,https://imgur.com/a/VqWoolv,https://imgur.com/a/VqWoolv
21,https://imgur.com/a/PBpeMj6,https://imgur.com/a/PBpeMj6
22,https://imgur.com/a/rKbxnIg,https://imgur.com/a/rKbxnIg
23,https://imgur.com/a/qtc9R0r,https://imgur.com/a/qtc9R0r
24,https://imgur.com/a/qmUkSpG,https://imgur.com/a/qmUkSpG
25,https://imgur.com/a/9iiJ2n3,https://imgur.com/a/9iiJ2n3
26,https://imgur.com/a/EwiIvqT,https://imgur.com/a/EwiIvqT
27,https://imgur.com/a/Sm98Rb8,https://imgur.com/a/Sm98Rb8
28,https://imgur.com/a/YgpWCoQ,https://imgur.com/a/YgpWCoQ
29,https://imgur.com/a/VLL9wfo,https://imgur.com/a/VLL9wfo
30,https://imgur.com/a/dKqgiNQ,https://imgur.com/a/dKqgiNQ
31,https://imgur.com/a/TXCODv7,https://imgur.com/a/TXCODv7
32,https://imgur.com/a/4Qu2vV1,https://imgur.com/a/4Qu2vV1
33,https://imgur.com/a/NaTsdJk,https://imgur.com/a/NaTsdJk
34,https://imgur.com/a/XAo4sxx,https://imgur.com/a/XAo4sxx
35,https://imgur.com/a/cF8cgBx,https://imgur.com/a/cF8cgBx
36,https://imgur.com/a/e6HdCb1,https://imgur.com/a/e6HdCb1
37,https://imgur.com/a/jswOpW7,https://imgur.com/a/jswOpW7
38,https://imgur.com/a/CPTF3IO,https://imgur.com/a/CPTF3IO
39,https://imgur.com/a/aGkCX2a,https://imgur.com/a/aGkCX2a
40,https://imgur.com/a/bKEfcxY,https://imgur.com/a/bKEfcxY
41,https://imgur.com/a/I1m93tt,https://imgur.com/a/I1m93tt
42,https://imgur.com/a/zsbiZtI,https://imgur.com/a/zsbiZtI
43,https://imgur.com/a/zFsjzP6,https://imgur.com/a/zFsjzP6
44,https://imgur.com/a/lK7CF25,https://imgur.com/a/lK7CF25
45,https://imgur.com/a/9QJtH2f,https://imgur.com/a/9QJtH2f
46,https://imgur.com/a/xmZICsq,https://imgur.com/a/xmZICsq
47,https://imgur.com/a/ArUyzrM,https://imgur.com/a/ArUyzrM
48,https://imgur.com/a/keRVEc8,https://imgur.com/a/keRVEc8
49,https://imgur.com/a/bJJAyRx,https://imgur.com/a/bJJAyRx
50,https://imgur.com/a/RH64iso,https://imgur.com/a/RH64iso
51,https://imgur.com/a/urvDWsY,https://imgur.com/a/urvDWsY
52,https://imgur.com/a/KcDzDCV,https://imgur.com/a/KcDzDCV
53,https://imgur.com/a/GpxRhwn,https://imgur.com/a/GpxRhwn
54,https://imgur.com/a/rIuAisF,https://imgur.com/a/rIuAisF
55,https://imgur.com/a/3U1RUrC,https://imgur.com/a/3U1RUrC
56,https://imgur.com/a/MMLhJL4,https://imgur.com/a/MMLhJL4
57,https://imgur.com/a/avGE1F3,https://imgur.com/a/avGE1F3
58,https://imgur.com/a/Q9Rn9SV,https://imgur.com/a/Q9Rn9SV
59,https://imgur.com/a/3lOAS9Z,https://imgur.com/a/3lOAS9Z
60,https://imgur.com/a/WygNNDf,https://imgur.com/a/WygNNDf
61,https://imgur.com/a/CxReMWq,https://imgur.com/a/CxReMWq
62,https://imgur.com/a/MlaJWs4,https://imgur.com/a/MlaJWs4
63,https://imgur.com/a/CMbyjSO,https://imgur.com/a/CMbyjSO
64,https://imgur.com/a/4nLtTIe,https://imgur.com/a/4nLtTIe
65,https://imgur.com/a/aKXB641,https://imgur.com/a/aKXB641
66,https://imgur.com/a/h0nxut6,https://imgur.com/a/h0nxut6
67,https://imgur.com/a/d22bqTk,https://imgur.com/a/d22bqTk
68,https://imgur.com/a/trIK2gD,https://imgur.com/a/trIK2gD
69,https://imgur.com/a/cfy2FIh,https://imgur.com/a/cfy2FIh
70,https://imgur.com/a/6lmAZ6p,https://imgur.com/a/6lmAZ6p
71,https://imgur.com/a/ltb2Krr,https://imgur.com/a/ltb2Krr
72,https://imgur.com/a/EaCfq3j,https://imgur.com/a/EaCfq3j
73,https://imgur.com/a/jbHtgzl,https://imgur.com/a/jbHtgzl
74,https://imgur.com/a/mt2H1Yx,https://imgur.com/a/mt2H1Yx
75,https://imgur.com/a/876y49P,https://imgur.com/a/876y49P
76,https://imgur.com/a/GLLXonN,https://imgur.com/a/GLLXonN
77,https://imgur.com/a/sYhtXRP,https://imgur.com/a/sYhtXRP
78,https://imgur.com/a/BYIP3Aj,https://imgur.com/a/BYIP3Aj
79,https://imgur.com/a/bqBWwMh,https://imgur.com/a/bqBWwMh
80,https://imgur.com/a/SD6fwud,https://imgur.com/a/SD6fwud
81,https://imgur.com/a/zS0U1bW,https://imgur.com/a/zS0U1bW
82,https://imgur.com/a/AHdvNHO,https://imgur.com/a/AHdvNHO
83,https://imgur.com/a/ddmEkqQ,https://imgur.com/a/ddmEkqQ
84,https://imgur.com/a/9INVX9v,https://imgur.com/a/9INVX9v
85,https://imgur.com/a/TJZTdXX,https://imgur.com/a/TJZTdXX
86,https://imgur.com/a/IineSwI,https://imgur.com/a/IineSwI
87,https://imgur.com/a/M9GA3e6,https://imgur.com/a/M9GA3e6
88,https://imgur.com/a/4IIQkAk,https://imgur.com/a/4IIQkAk
89,https://imgur.com/a/rjaGjAz,https://imgur.com/a/rjaGjAz
90,https://imgur.com/a/vJHbDYl,https://imgur.com/a/vJHbDYl
91,https://imgur.com/a/9Dw7ta5,https://imgur.com/a/9Dw7ta5
92,https://imgur.com/a/CIVFtWk,https://imgur.com/a/CIVFtWk
93,https://imgur.com/a/7Tyug3G,https://imgur.com/a/7Tyug3G
94,https://imgur.com/a/lhWmQpX,https://imgur.com/a/lhWmQpX
95,https://imgur.com/a/X7opJFr,https://imgur.com/a/X7opJFr
96,https://imgur.com/a/Be6UsfN,https://imgur.com/a/Be6UsfN
97,https://imgur.com/a/wHOQnaB,https://imgur.com/a/wHOQnaB
98,https://imgur.com/a/dc88KzS,https://imgur.com/a/dc88KzS
99,https://imgur.com/a/qXNXE8o,https://imgur.com/a/qXNXE8o
100,https://imgur.com/a/HUdhe5H,https://imgur.com/a/HUdhe5H
101,https://imgur.com/a/dfaqijl,https://imgur.com/a/dfaqijl
102,https://imgur.com/a/OLhW38V,https://imgur.com/a/OLhW38V
103,https://imgur.com/a/Kx6lPMT,https://imgur.com/a/Kx6lPMT
104,https://imgur.com/a/BK45zPX,https://imgur.com/a/BK45zPX
105,https://imgur.com/a/hkr39vE,https://imgur.com/a/hkr39vE
106,https://imgur.com/a/3db6wVX,https://imgur.com/a/3db6wVX
107,https://imgur.com/a/gzZhINp,https://imgur.com/a/gzZhINp
108,https://imgur.com/a/09BVR3w,https://imgur.com/a/09BVR3w
109,https://imgur.com/a/Z3Jy9Nu,https://imgur.com/a/Z3Jy9Nu
110,https://imgur.com/a/YIlUhOz,https://imgur.com/a/YIlUhOz
111,https://imgur.com/a/tXfuIQf,https://imgur.com/a/tXfuIQf
112,https://imgur.com/a/0S2EBH0,https://imgur.com/a/0S2EBH0
113,https://imgur.com/a/kIe1dO8,https://imgur.com/a/kIe1dO8
114,https://imgur.com/a/SrLu1DM,https://imgur.com/a/SrLu1DM
115,https://imgur.com/a/JgHdWYE,https://imgur.com/a/JgHdWYE
116,https://imgur.com/a/EvHDtlo,https://imgur.com/a/EvHDtlo
117,https://imgur.com/a/UByGBeE,https://imgur.com/a/UByGBeE
118,https://imgur.com/a/1UOWa82,https://imgur.com/a/1UOWa82
119,https://imgur.com/a/46zp6j9,https://imgur.com/a/46zp6j9
120,https://imgur.com/a/TWmxQHL,https://imgur.com/a/TWmxQHL
121,https://imgur.com/a/VYxId5K,https://imgur.com/a/VYxId5K
122,https://imgur.com/a/hj6xNZX,https://imgur.com/a/hj6xNZX
123,https://imgur.com/a/IpIwkHl,https://imgur.com/a/IpIwkHl
124,https://imgur.com/a/Iybf8Eq,https://imgur.com/a/Iybf8Eq
125,https://imgur.com/a/VgiBU9b,https://imgur.com/a/VgiBU9b
126,https://imgur.com/a/mCbwjqK,https://imgur.com/a/mCbwjqK
127,https://imgur.com/a/KAezYqP,https://imgur.com/a/KAezYqP
128,https://imgur.com/a/rHxiZTH,https://imgur.com/a/rHxiZTH
129,https://imgur.com/a/uxZTRYm,https://imgur.com/a/uxZTRYm
130,https://imgur.com/a/DeIB0Jw,https://imgur.com/a/DeIB0Jw
131,https://imgur.com/a/5e1rrqL,https://imgur.com/a/5e1rrqL
132,https://imgur.com/a/yAOBwgN,https://imgur.com/a/yAOBwgN
133,https://imgur.com/a/tlH5ZuL,https://imgur.com/a/tlH5ZuL
134,https://imgur.com/a/GcrgGNK,https://imgur.com/a/GcrgGNK
135,https://imgur.com/a/Rw47TK7,https://imgur.com/a/Rw47TK7
136,https://imgur.com/a/G23FgrS,https://imgur.com/a/G23FgrS
137,https://imgur.com/a/JqzdmXm,https://imgur.com/a/JqzdmXm
138,https://imgur.com/a/JjFOnmV,https://imgur.com/a/JjFOnmV
139,https://imgur.com/a/PvienTh,https://imgur.com/a/PvienTh
140,https://imgur.com/a/56fqw9v,https://imgur.com/a/56fqw9v
141,https://imgur.com/a/5MUrEE5,https://imgur.com/a/5MUrEE5
142,https://imgur.com/a/TFLnCcF,https://imgur.com/a/TFLnCcF
143,https://imgur.com/a/JYvURWT,https://imgur.com/a/JYvURWT
144,https://imgur.com/a/oZee8Jg,https://imgur.com/a/oZee8Jg
145,https://imgur.com/a/mF4TPPL,https://imgur.com/a/mF4TPPL
146,https://imgur.com/a/3Vyf6SM,https://imgur.com/a/3Vyf6SM
147,https://imgur.com/a/owTfqnV,https://imgur.com/a/owTfqnV
148,https://imgur.com/a/3fVZCNh,https://imgur.com/a/3fVZCNh
149,https://imgur.com/a/2UOPJwd,https://imgur.com/a/2UOPJwd
150,https://imgur.com/a/cmQ5En2,https://imgur.com/a/cmQ5En2
151,https://imgur.com/a/6ao3lrb,https://imgur.com/a/6ao3lrb
152,https://imgur.com/a/sTcH6Np,https://imgur.com/a/sTcH6Np
153,https://imgur.com/a/6S1pmuO,https://imgur.com/a/6S1pmuO
154,https://imgur.com/a/cjQ8EdV,https://imgur.com/a/cjQ8EdV
155,https://imgur.com/a/NusspUE,https://imgur.com/a/NusspUE
156,https://imgur.com/a/Q0LOoUO,https://imgur.com/a/Q0LOoUO
157,https://imgur.com/a/TJkqDJC,https://imgur.com/a/TJkqDJC
158,https://imgur.com/a/KsfYBQy,https://imgur.com/a/KsfYBQy
159,https://imgur.com/a/d6JJlm5,https://imgur.com/a/d6JJlm5
160,https://imgur.com/a/RyqLIeW,https://imgur.com/a/RyqLIeW
161,https://imgur.com/a/hRhC8js,https://imgur.com/a/hRhC8js
162,https://imgur.com/a/7XplpWC,https://imgur.com/a/7XplpWC
163,https://imgur.com/a/TkAvDFV,https://imgur.com/a/TkAvDFV
164,https://imgur.com/a/UPNlC13,https://imgur.com/a/UPNlC13
165,https://imgur.com/a/p14j0bo,https://imgur.com/a/p14j0bo
166,https://imgur.com/a/A1DPQAv,https://imgur.com/a/A1DPQAv
167,https://imgur.com/a/1swMNri,https://imgur.com/a/1swMNri
168,https://imgur.com/a/HER4Dz8,https://imgur.com/a/HER4Dz8
169,https://imgur.com/a/2mRzcrB,https://imgur.com/a/2mRzcrB
170,https://imgur.com/a/8oCCfi2,https://imgur.com/a/8oCCfi2
171,https://imgur.com/a/nXijrv2,https://imgur.com/a/nXijrv2
172,https://imgur.com/a/b1ITT3k,https://imgur.com/a/b1ITT3k
173,https://imgur.com/a/nPMtnJG,https://imgur.com/a/nPMtnJG
174,https://imgur.com/a/w1DwaeR,https://imgur.com/a/w1DwaeR
175,https://imgur.com/a/frmRKBD,https://imgur.com/a/frmRKBD
176,https://imgur.com/a/Kd5AnHB,https://imgur.com/a/Kd5AnHB
177,https://imgur.com/a/DSpwuHl,https://imgur.com/a/DSpwuHl
178,https://imgur.com/a/nqrJ0Rp,https://imgur.com/a/nqrJ0Rp
179,https://imgur.com/a/L0Qs5MJ,https://imgur.com/a/L0Qs5MJ
180,https://imgur.com/a/eOAFmhQ,https://imgur.com/a/eOAFmhQ
