id,name,current_url,bucket
1,ASUS ZenBook X14,https://imgur.com/a/zzQzLzI,imgur_album
2,HP Envy 15,https://imgur.com/a/oSYa3sC,imgur_album
3,Dell XPS 13,https://imgur.com/a/oBB00Ut,imgur_album
4,Acer Predator Helios 16,https://imgur.com/a/tscfMXP,imgur_album
5,Lenovo Yoga 9i,https://imgur.com/a/IoW6ZkU,imgur_album
6,Razer Blade 15 OLED,https://imgur.com/a/OO5rFHY,imgur_album
7,Surface Laptop 5,https://imgur.com/a/gzcu9Kl,imgur_album
8,ASUS TUF A16,https://imgur.com/a/BcSMdoD,imgur_album
9,Samsung Galaxy Book4,https://imgur.com/a/EdVJgU7,imgur_album
10,MSI Stealth 14,https://imgur.com/a/uoVSwWF,imgur_album
11,Lenovo Legion Pro 5,https://imgur.com/a/9X4aw32,imgur_album
12,HP Victus 16,https://imgur.com/a/EzJvkQ0,imgur_album
13,ASUS ROG Zephyrus G14,https://imgur.com/a/xZPVGNS,imgur_album
14,Dell Inspiron 14 Plus,https://imgur.com/a/3mvkWbF,imgur_album
15,Acer Swift Go 14,https://imgur.com/a/ZqlhOiU,imgur_album
16,Gigabyte Aero 16 Creator,https://imgur.com/a/YLIM9Mz,imgur_album
17,Framework Laptop 13,https://imgur.com/a/hC2pnCM,imgur_album
18,Apple MacBook Air 13 M3,https://imgur.com/a/Rdfn5Hg,imgur_album
19,Apple MacBook Pro 14 M3,https://imgur.com/a/IBtvB5Q,imgur_album
20,Apple MacBook Pro 16 M3 Pro,https://imgur.com/a/VqWoolv,imgur_album
21,Samsung Galaxy S24 Ultra,https://imgur.com/a/PBpeMj6,imgur_album
22,Google Pixel 8 Pro,https://imgur.com/a/rKbxnIg,imgur_album
23,OnePlus 12,https://imgur.com/a/qtc9R0r,imgur_album
24,Nothing Phone (2),https://imgur.com/a/qmUkSpG,imgur_album
25,Sony Xperia 1 V,https://imgur.com/a/9iiJ2n3,imgur_album
26,Motorola Edge+,https://imgur.com/a/EwiIvqT,imgur_album
27,ASUS ROG Phone 8,https://imgur.com/a/Sm98Rb8,imgur_album
28,Samsung Galaxy S24,https://imgur.com/a/YgpWCoQ,imgur_album
29,Google Pixel 8,https://imgur.com/a/VLL9wfo,imgur_album
30,OnePlus 12R,https://imgur.com/a/dKqgiNQ,imgur_album
31,Samsung Galaxy A55,https://imgur.com/a/TXCODv7,imgur_album
32,Sony Xperia 10 V,https://imgur.com/a/4Qu2vV1,imgur_album
33,Motorola Moto G Power,https://imgur.com/a/NaTsdJk,imgur_album
34,Nothing Phone (2a),https://imgur.com/a/XAo4sxx,imgur_album
35,Samsung Galaxy Z Flip5,https://imgur.com/a/cF8cgBx,imgur_album
36,Samsung Galaxy Z Fold5,https://imgur.com/a/e6HdCb1,imgur_album
37,OnePlus Nord N30,https://imgur.com/a/jswOpW7,imgur_album
38,Apple iPhone 15 Pro,https://imgur.com/a/CPTF3IO,imgur_album
39,Apple iPhone 15,https://imgur.com/a/aGkCX2a,imgur_album
40,Apple iPhone SE (3rd Gen),https://imgur.com/a/bKEfcxY,imgur_album
41,Sony PlayStation 5,https://imgur.com/a/I1m93tt,imgur_album
42,Sony PlayStation 5 Digital,https://imgur.com/a/zsbiZtI,imgur_album
43,Sony PlayStation 5 Pro,https://imgur.com/a/zFsjzP6,imgur_album
44,Microsoft Xbox Series X,https://imgur.com/a/lK7CF25,imgur_album
45,Microsoft Xbox Series S,https://imgur.com/a/9QJtH2f,imgur_album
46,Microsoft Xbox Series X 2TB,https://imgur.com/a/xmZICsq,imgur_album
47,Nintendo Switch OLED,https://imgur.com/a/ArUyzrM,imgur_album
48,Nintendo Switch Lite,https://imgur.com/a/keRVEc8,imgur_album
49,Nintendo Switch 2 (rumored),https://imgur.com/a/bJJAyRx,imgur_album
50,Valve Steam Deck 512GB,https://imgur.com/a/RH64iso,imgur_album
51,Valve Steam Deck OLED 1TB,https://imgur.com/a/urvDWsY,imgur_album
52,ASUS ROG Ally X,https://imgur.com/a/KcDzDCV,imgur_album
53,Lenovo Legion Go,https://imgur.com/a/GpxRhwn,imgur_album
54,AYANEO Air 1S,https://imgur.com/a/rIuAisF,imgur_album
55,Logitech G Cloud,https://imgur.com/a/3U1RUrC,imgur_album
56,Retroid Pocket 3+,https://imgur.com/a/MMLhJL4,imgur_album
57,Analogue Pocket,https://imgur.com/a/avGE1F3,imgur_album
58,Nintendo 3DS XL (refurb),https://imgur.com/a/Q9Rn9SV,imgur_album
59,Playdate,https://imgur.com/a/3lOAS9Z,imgur_album
60,Panic Playdate Season 1 Bundle,https://imgur.com/a/WygNNDf,imgur_album
61,Optimum Nutrition Gold Standard Whey,https://imgur.com/a/CxReMWq,imgur_album
62,MuscleTech NitroTech,https://imgur.com/a/MlaJWs4,imgur_album
63,Dymatize ISO100,https://imgur.com/a/CMbyjSO,imgur_album
64,Ghost Whey Protein,https://imgur.com/a/4nLtTIe,imgur_album
65,Gold Standard Casein,https://imgur.com/a/aKXB641,imgur_album
66,Vega Plant Protein,https://imgur.com/a/h0nxut6,imgur_album
67,Orgain Organic Protein,https://imgur.com/a/d22bqTk,imgur_album
68,Isopure Zero Carb,https://imgur.com/a/trIK2gD,imgur_album
69,Legion Whey+,https://imgur.com/a/cfy2FIh,imgur_album
70,MyProtein Impact Whey,https://imgur.com/a/6lmAZ6p,imgur_album
71,Rule 1 R1 Whey Blend,https://imgur.com/a/ltb2Krr,imgur_album
72,Kaged Micropure Whey Isolate,https://imgur.com/a/EaCfq3j,imgur_album
73,Garden of Life Sport Plant Protein,https://imgur.com/a/jbHtgzl,imgur_album
74,Transparent Labs Whey Isolate,https://imgur.com/a/mt2H1Yx,imgur_album
75,PEScience Select Protein,https://imgur.com/a/876y49P,imgur_album
76,MusclePharm Combat Protein,https://imgur.com/a/GLLXonN,imgur_album
77,GNC AMP Wheybolic,https://imgur.com/a/sYhtXRP,imgur_album
78,Fairlife Core Power,https://imgur.com/a/BYIP3Aj,imgur_album
79,Premier Protein Shake,https://imgur.com/a/bqBWwMh,imgur_album
80,Optimum Nutrition Serious Mass,https://imgur.com/a/SD6fwud,imgur_album
81,Culturelle Daily Probiotic,https://imgur.com/a/zS0U1bW,imgur_album
82,Align Digestive Probiotic,https://imgur.com/a/AHdvNHO,imgur_album
83,NOW Super Enzymes,https://imgur.com/a/ddmEkqQ,imgur_album
84,Garden of Life Raw Probiotic,https://imgur.com/a/9INVX9v,imgur_album
85,Florastor Daily Probiotic,https://imgur.com/a/TJZTdXX,imgur_album
86,BioSchwartz Digestive Enzymes,https://imgur.com/a/IineSwI,imgur_album
87,Nature’s Bounty Probiotic 10,https://imgur.com/a/M9GA3e6,imgur_album
88,Ritual Synbiotic+,https://imgur.com/a/4IIQkAk,imgur_album
89,Olly Probiotic Gummy,https://imgur.com/a/rjaGjAz,imgur_album
90,Seed Daily Synbiotic,https://imgur.com/a/vJHbDYl,imgur_album
91,Physician’s Choice Probiotic,https://imgur.com/a/9Dw7ta5,imgur_album
92,Renew Life Ultimate Flora,https://imgur.com/a/CIVFtWk,imgur_album
93,Jarrow Saccharomyces Boulardii,https://imgur.com/a/7Tyug3G,imgur_album
94,Digest Gold Enzymes,https://imgur.com/a/lhWmQpX,imgur_album
95,Nature Made Probiotic,https://imgur.com/a/X7opJFr,imgur_album
96,Garden of Life Dr. Formulated Probiotic,https://imgur.com/a/Be6UsfN,imgur_album
97,Phillips' Colon Health,https://imgur.com/a/wHOQnaB,imgur_album
98,Nature’s Way Probiotic Pearls,https://imgur.com/a/dc88KzS,imgur_album
99,Digestive Advantage Probiotic,https://imgur.com/a/qXNXE8o,imgur_album
100,Primal Harvest Probiotics,https://imgur.com/a/HUdhe5H,imgur_album
101,Centrum Adult Multivitamin,https://imgur.com/a/dfaqijl,imgur_album
102,Nature Made Vitamin D3 2000 IU,https://imgur.com/a/OLhW38V,imgur_album
103,One A Day Men’s,https://imgur.com/a/Kx6lPMT,imgur_album
104,SmartyPants Women’s Multi,https://imgur.com/a/BK45zPX,imgur_album
105,Kirkland Signature Daily Multi,https://imgur.com/a/hkr39vE,imgur_album
106,Garden of Life Vitamin Code Women,https://imgur.com/a/3db6wVX,imgur_album
107,Ritual Essential for Women,https://imgur.com/a/gzZhINp,imgur_album
108,Thorne Basic Nutrients 2/Day,https://imgur.com/a/09BVR3w,imgur_album
109,Nature’s Way Alive! Once Daily,https://imgur.com/a/Z3Jy9Nu,imgur_album
110,Olly Men’s Multivitamin Gummies,https://imgur.com/a/YIlUhOz,imgur_album
111,MegaFood Blood Builder,https://imgur.com/a/tXfuIQf,imgur_album
112,Nature Made B12 1000 mcg,https://imgur.com/a/0S2EBH0,imgur_album
113,Solgar Vitamin C 1000,https://imgur.com/a/kIe1dO8,imgur_album
114,Jamieson Vitamin D3 1000 IU,https://imgur.com/a/SrLu1DM,imgur_album
115,New Chapter Every Man’s One Daily,https://imgur.com/a/JgHdWYE,imgur_album
116,Rainbow Light Women’s One,https://imgur.com/a/EvHDtlo,imgur_album
117,Emergen-C 1000mg Vitamin C,https://imgur.com/a/UByGBeE,imgur_album
118,Nature Made Magnesium 250 mg,https://imgur.com/a/1UOWa82,imgur_album
119,Zinc Picolinate 50 mg,https://imgur.com/a/46zp6j9,imgur_album
120,Vitafusion Women’s Gummy Vitamins,https://imgur.com/a/TWmxQHL,imgur_album
121,Quest Protein Bar (4-pack),https://imgur.com/a/VYxId5K,imgur_album
122,Kodiak Power Cakes Mix,https://imgur.com/a/hj6xNZX,imgur_album
123,Fairlife Protein Shake (2-pack),https://imgur.com/a/IpIwkHl,imgur_album
124,Pure Protein Cookies (4-pack),https://imgur.com/a/Iybf8Eq,imgur_album
125,RXBar Protein Bar (4-pack),https://imgur.com/a/VgiBU9b,imgur_album
126,think! Protein Bar (4-pack),https://imgur.com/a/mCbwjqK,imgur_album
127,Tasty Bite Lentil Bowl,https://imgur.com/a/KAezYqP,imgur_album
128,Egglife Egg White Wraps,https://imgur.com/a/rHxiZTH,imgur_album
129,Kirkland Protein Shake (4-pack),https://imgur.com/a/uxZTRYm,imgur_album
130,Oikos Triple Zero Yogurt (4),https://imgur.com/a/DeIB0Jw,imgur_album
131,Chobani Zero Sugar Yogurt (4),https://imgur.com/a/5e1rrqL,imgur_album
132,Applegate Turkey Breast (8oz),https://imgur.com/a/yAOBwgN,imgur_album
133,Bumble Bee Tuna Pouch (4),https://imgur.com/a/tlH5ZuL,imgur_album
134,Sargento String Cheese (12),https://imgur.com/a/GcrgGNK,imgur_album
135,Vital Farms Hard-Boiled Eggs (6),https://imgur.com/a/Rw47TK7,imgur_album
136,Barilla Protein+ Pasta (14oz),https://imgur.com/a/G23FgrS,imgur_album
137,Ohio Beef Jerky (4oz),https://imgur.com/a/JqzdmXm,imgur_album
138,KIND Protein Bars (4),https://imgur.com/a/JjFOnmV,imgur_album
139,Siggi’s Skyr (4),https://imgur.com/a/PvienTh,imgur_album
140,MorningStar Farms Grillers (8),https://imgur.com/a/56fqw9v,imgur_album
141,Doritos Nacho Cheese (9.25oz),https://imgur.com/a/5MUrEE5,imgur_album
142,Lay’s Classic (8oz),https://imgur.com/a/TFLnCcF,imgur_album
143,Cheetos Crunchy (8.5oz),https://imgur.com/a/JYvURWT,imgur_album
144,Pringles Original (5.2oz),https://imgur.com/a/oZee8Jg,imgur_album
145,Ruffles Cheddar & Sour Cream (8oz),https://imgur.com/a/mF4TPPL,imgur_album
146,Popcorners Sea Salt (7oz),https://imgur.com/a/3Vyf6SM,imgur_album
147,Smartfood White Cheddar (6.75oz),https://imgur.com/a/owTfqnV,imgur_album
148,Combos Cheddar Pretzel (6.3oz),https://imgur.com/a/3fVZCNh,imgur_album
149,Sun Chips Harvest Cheddar (7oz),https://imgur.com/a/2UOPJwd,imgur_album
150,Takis Fuego (9.9oz),https://imgur.com/a/cmQ5En2,imgur_album
151,Kettle Brand Sea Salt (8.5oz),https://imgur.com/a/6ao3lrb,imgur_album
152,Herr’s Jalapeño (8oz),https://imgur.com/a/sTcH6Np,imgur_album
153,Cape Cod Original (8.5oz),https://imgur.com/a/6S1pmuO,imgur_album
154,Pirate’s Booty Aged White Cheddar (7oz),https://imgur.com/a/cjQ8EdV,imgur_album
155,Popchips Sea Salt (5oz),https://imgur.com/a/NusspUE,imgur_album
156,Bugles Original (7.5oz),https://imgur.com/a/Q0LOoUO,imgur_album
157,Cheez-It Original (7oz),https://imgur.com/a/TJkqDJC,imgur_album
158,Goldfish Cheddar (6.6oz),https://imgur.com/a/KsfYBQy,imgur_album
159,Tostitos Scoops (10oz),https://imgur.com/a/d6JJlm5,imgur_album
160,Fritos Original (9.25oz),https://imgur.com/a/RyqLIeW,imgur_album
161,King Oscar Sardines in Olive Oil,https://imgur.com/a/hRhC8js,imgur_album
162,Wild Planet Albacore Tuna,https://imgur.com/a/7XplpWC,imgur_album
163,Chicken of the Sea Pink Salmon Pouch,https://imgur.com/a/TkAvDFV,imgur_album
164,Bumble Bee Chunk Light Tuna,https://imgur.com/a/UPNlC13,imgur_album
165,StarKist Tuna Creations Lemon Pepper,https://imgur.com/a/p14j0bo,imgur_album
166,Wild Planet Sardines in Water,https://imgur.com/a/A1DPQAv,imgur_album
167,Goya Black Beans,https://imgur.com/a/1swMNri,imgur_album
168,Bush’s Best Garbanzo Beans,https://imgur.com/a/HER4Dz8,imgur_album
169,Campbell’s Chicken Noodle Soup,https://imgur.com/a/2mRzcrB,imgur_album
170,Progresso Lentil Soup,https://imgur.com/a/8oCCfi2,imgur_album
171,Hormel Premium Chicken Breast,https://imgur.com/a/nXijrv2,imgur_album
172,Spam Classic,https://imgur.com/a/b1ITT3k,imgur_album
173,Libby’s Corned Beef,https://imgur.com/a/nPMtnJG,imgur_album
174,Crown Prince Kipper Snacks,https://imgur.com/a/w1DwaeR,imgur_album
175,Brunswick Sardines in Mustard,https://imgur.com/a/frmRKBD,imgur_album
176,Chicken of the Sea Mackerel,https://imgur.com/a/Kd5AnHB,imgur_album
177,Ortiz Bonito del Norte Tuna,https://imgur.com/a/DSpwuHl,imgur_album
178,Century Tuna Hot & Spicy,https://imgur.com/a/nqrJ0Rp,imgur_album
179,Starkist Salmon Creations Teriyaki,https://imgur.com/a/L0Qs5MJ,imgur_album
180,Trader Joe’s Smoked Trout,https://imgur.com/a/eOAFmhQ,imgur_album
